title|usage|meaning
～あげる／やる／差し上げる（さしあげる）|[主語（与え手）] は [受け手] に [物] をあげる[主語（与え手）] から [受け手] に [物] をあげる|给…
～あまり|数字＋助数詞＋あまり|…多
～あまり／～あまりに／～のあまり／～のあまりに|名詞＋のあまり（に）動詞＋あまり（に）（ナ形容詞語幹＋なあまり）|过度…过于…太…由于过度…而…
～間／間に|名詞＋の＋間／間に動詞普通形＋間／間に|在…期间在…之间趁…时候
～後に／後で|名詞＋の後で（あとで）名詞＋の後に（あとに）名詞＋後（ご）時間名詞＋後（ご）動た形＋後で動た形＋後に|…之后
～合う|動ます形＋合う|互相…
～上がる（あがる）／上げる（あげる）|動ます形＋上がる|①…完成了／…好了／成起来②…起来／向上…③極限状態
あまり～と／あまりに～と／あまりにも～と／あんまり～と／あんまりにも～と|あまりにも＋イ形容詞＋とあまりにも＋ナ形容詞＋だとあまりにも＋動詞＋と|过于…（的话）,（要是）太…
あまり～ない／あんまり～ない|あまり／あんまり＋ナ形容詞＋ではないあまり／あんまり＋イ形容詞語幹＋くないあまり＋動ない形|不太…不（没）怎么…没多少…
あまりに～／あまりにも～／あんまりにも～|あまりに（も）＋イ形容詞あまりに（も）＋ナ形容詞あまりに（も）＋動詞|太…总是…
あまりの～に／あまりの～で|あまりの＋名詞＋にあまりの＋名詞＋で|太…过度…
～以上／以上は／上は|名詞＋である以上（は）動詞普通形＋以上（は）／上は動た形＋上はい形普通形＋以上（は）な形普通形＋である／な＋以上（は）|既然…就…
～以来|名詞＋以来動て形＋以来|自从…以来以后～てから今までずっと～
～一方（で）|動詞普通形＋一方（で）い形容詞辞書形＋一方（で）な形容詞語幹＋な／である＋一方（で）名詞＋の／である＋一方（で）|一方面…，另一方面……的同时…与…相反
～一方／一方で／一方では～他方では～|動詞普通形＋一方（で）い形辞書形＋一方（で）な形語幹＋な／である＋一方（で）名詞＋である＋一方（で）一方では＋文、他方では＋文|"①一方面…另一方面…一边…一边……的同时…
②一方面…而另一方面却…与…相反"
～一方だ|動詞辞書形＋一方だ名詞＋の一方だ|不断地…越来越…一直…一个劲儿…
未だかつて～ない（いまだかつて～ない）|いまだかつて＋動ない形＋ないいまだかつて＋動た形＋ことがないいまだかつてなく＋形容詞|未曾…没有…
未だに～ない（いまだに～ない）|いまだ（に）＋動ない形＋ない|还（没有）仍古（未）
～うちが|名詞＋のうちがな形容詞語幹＋なうちがい形容詞普通形＋うちが動詞辞書形／動ている形＋うちが|在…时最…
～うちに／～ないうちに／～ているうちに／～ていないうちに|名詞＋のうちにな形容詞語幹＋なうちにな形容詞語幹＋ではないうちにい形容詞普通形＋うちに動ない形＋ないうちに動詞ている形＋うちに動詞辞書形＋うちに|在…之内在…过程中…趁…时趁还没…趁没…还没有…的时候…着…着
～うちは|名詞＋のうちはな形容詞語幹＋なうちはい形容詞普通形＋うちは動ている形＋うちは動ない形＋ないうちは|在…的时候在还没…的时候
～上／上に|動詞普通形＋上にい形容詞普通形＋上にな形容詞語幹＋な／である＋上に名詞＋である＋上に|不仅…而且…加上…
～上で（は）／～上での|名詞＋の＋上で（は）／上での動詞辞書形＋上で（は）／上での|在…方面在…上根据…来看
～おかげで／おかげだ|名詞＋の＋おかげで／おかげだ動詞普通形＋おかげで／おかげだい形容詞普通形＋おかげで／おかげだな形形容詞＋な＋おかげで／おかげだ|多亏…才…托…的福
～おきに|名詞＋おきに|每隔…～間隔でその間隔を空けて～
～恐れがある（おそれがある）|名詞＋の恐れがある動詞辞書形＋恐れがある動ない形＋恐れがある|恐怕会…／恐怕要…有…的危险有可能…～かもしれない（悪いこと）
～終わる／～終える|動ます形＋終わる（おわる）動ます形＋終える（おえる）|…完结束
お／ご～くださる／ください|お／ご＋一段動詞ます形＋くださる／くださいお／ご＋五段動詞ます形＋くださる／くださいご＋サ変動詞語幹＋くださる／ください|-
お／ご～する／します／致す／致します|お／ご＋一段動詞ます形＋する／します／いたす／いたしますお／ご＋五段動詞ます形＋する／します／いたす／いたしますご＋サ変動詞語幹＋する／します／いたす／いたします|-
お／ご～です|お／ご＋一段動詞ます形＋ですお／ご＋五段動詞ます形＋ですご＋サ変動詞語幹＋です|-
お／ご～なさる／なさいます|お／ご＋一段動詞ます形＋なさる／なさいますお／ご＋五段動詞ます形＋なさる／なさいますご＋サ変動詞語幹＋なさる／なさいます|-
お／ご～になる／になります|お／ご＋一段動詞ます形＋になる／になりますお／ご＋五段動詞ます形＋になる／になりますご＋サ変動詞語幹＋になる／になります|-
お／ご～になれる／になれます|お／ご＋一段動詞ます形＋になれる／になれますお／ご＋五段動詞ます形＋になれる／になれますご＋サ変動詞語幹＋になれる／になれます|您能够…您可以…
お／ご～申し上げる／申し上げます|お／ご＋一段動詞ます形＋申し上げる／申し上げますお／ご＋五段動詞ます形＋申し上げる／申し上げますご＋サ変動詞語幹＋申し上げる／申し上げます|-
お／ご～頂く／頂きます|お／ご＋一段動詞ます形＋頂く／頂きますお／ご＋五段動詞ます形＋頂く／頂きますご＋サ変動詞語幹＋頂く／頂きます|-
お／ご～頂けませんか／願えませんか|お／ご＋一段動詞ます形＋頂けますか／頂けませんかお／ご＋五段動詞ます形＋頂けますか／頂けませんかご＋サ変動詞語幹＋頂けますか／頂けませんか|能否请您…
～かどうか|動詞辞書形／動詞た形＋かどうかい形容詞＋（の）＋かどうかな形容詞語幹＋（である／なの）＋かどうか名詞＋（である／なの）＋かどうか|是否…
～かもしれない|動詞普通形＋（の）かもしれないい形容詞＋（の）かもしれないな形容詞語幹＋（なの）かもしれない名詞＋（なの）かもしれない|也许…可能…
～から|動詞普通形＋からい形容詞普通形＋からな形容詞語幹＋だ／である＋から名詞＋だ／である＋から|①因为…／由于…②-③警告、安慰
～から～にかけて／にかけ|名詞＋から＋名詞＋にかけて名詞＋から＋名詞＋にかけ|从…到…～から～まで
～からすると／からすれば／からしたら|名詞＋からすると名詞＋からすれば名詞＋からしたら|从…来看从…来衡量～から判断すると
～からなる／からできている|名詞＋からなる名詞＋からできている|由…构成由…组成～で作られている～から成り立っている～で構成されている
～から見ると／から見れば／から見て／から見ても|名詞＋から見ると|从…来看
～から言うと／から言えば／から言ったら／から言って|名詞＋から言うと名詞＋から言えば名詞＋から言ったら名詞＋から言って|从…来说从…来讲
～か何か|動詞普通形＋か何か名詞＋か何か|…什么的…之类的～やあるいは～
～代わりに（かわりに）|動詞普通形＋代わりにい形容詞普通形＋代わりにな形語幹＋な＋代わりに名詞＋の＋代わりに|①代替…／交换②虽然…但是…③取代…④不…而…／…同时，（条件是）…
～返す|動ます形＋返す|①逆方向への対抗②元の状態に戻ってもう一度～する
～方|動詞ます形＋方（かた）|…的方法
～がかり|名詞＋がかり|花…用…一起…
～がする|名詞＋がする|感到…
～がたい|動ます形＋がたい|难以…很难…～することが難しい（～できない）
～がち|動ます形＋がち名詞＋がち|常常…容易…往往会…动不动就…
～がる／がっている|い形容詞語幹＋がる／がっているな形容詞語幹＋がる／がっている|感到…觉得…
～が欲しい／は欲しくない／を欲しがる／を欲しがっている|名詞＋が欲しい名詞＋は欲しくない名詞＋を欲しがる／欲しがっている|想要…
～切る／きる／きれる／きらない／きれない|動ます形＋きる動ます形＋きれる動ます形＋きれない|…完～し終わる十分…／非常…完全に～になる
～気味|名詞＋気味動ます形＋気味|稍微…有点儿…
～くせに／くせして|動詞普通形＋くせに／くせしてい形容詞普通形＋くせに／くせしてな形容詞語幹＋な＋くせに／くせして名詞＋の＋くせに／くせして|明明…却…虽然…但是…～のに
～くらい／ぐらい|動詞普通形＋くらい／ぐらいイ形普通形＋くらい／ぐらいナ形語幹＋な＋くらい／ぐらい名詞＋くらい／ぐらい|这么一点点不那么重要微不足道
～くれる／くださる（下さる）|[主語（与え手）] は [私] に [物] をくれる[主語（与え手）] から [私] に [物] をくれる|给…
～ことがある／こともある|動詞辞書形＋ことがある／こともある動詞ない形＋ことがある／こともある|有时…偶尔…
～ことができる|動詞辞書形＋ことができる|能…会…可以…
～ことだ|"①動詞辞書形＋ことだ動ない形＋ない＋ことだ
②動詞辞書形＋ことだい形容詞＋ことだな形容詞＋なことだ"|①应该…／不要…／就得…②…啊（感情の強調）
～ことに|動た形＋ことに動ない形＋ことにイ形辞書形＋ことにナ形語幹＋なことに|令人…的是…
～ことにする／こととする|動詞辞書形＋ことにする／こととする動詞ない形＋ことにする／こととする|（我）决定…～することに決める
～ことになっている／こととなっている|動詞辞書形＋（という）ことになっている動詞ない形＋（という）ことになっている名詞＋ということになっている|预定…规定…～と決まっている
～ことになる／こととなる|動詞辞書形＋ことになる／こととなる動詞ない形＋ことになる／こととなる|决定…～することに決まる
～ことはない／こともない|動詞辞書形＋ことはない動詞辞書形＋こともない|不必…用不着…～する必要はない～しなくてもいい
～込む|動ます形＋込む|装入进入深入地…持续地…
～ございます|名詞＋でございます名詞＋がございますナ形容詞語幹＋でございます|-
～毎に（ごとに）|名詞＋毎に動詞辞書形＋毎に|每…～度に
～（さ）せられる（使役受身／使役受動態）|五段動詞のない形＋せられる／される一段動詞のない形＋させられるする→させられる来る→来させられる|被迫…不由得…
～さ|い形容詞語幹＋さな形容詞語幹＋さ|…度…之大
～さえ／さえも|名詞＋さえ／さえも助詞（に／から／で／の／と）＋さえ／さえも人物を表す名詞＋（で）＋さえ／さえも|甚至…连…都…～も
～さえ～ば|動ます＋さえ～ばい形容詞語幹＋さえ～ばな形容詞語幹＋さえ～ば名詞＋さえ～ば|只要…就…
～させていただく／させていただきます|五段動詞のない形＋せていただく一段動詞のない形＋させていただくする→させていただく来る→来させていただく|请让我…请允许我…
～させてくださる／させてください|五段動詞のない形＋せてくださる／ください一段動詞のない形＋させてくださる／くださいする→させてくださる／ください来る→来させてくださる／ください|请允许…让我来…
～させてやって頂けませんか|五段動詞のない形＋せてやって頂けませんか一段動詞のない形＋させてやって頂けませんかする→させてやって頂けませんか来る→来させてやって頂けませんか|能否让…做呢
～最中／真っ最中|動詞ている形＋最中／真っ最中名詞＋の＋最中／真っ最中|正在…的时候ちょうど～しているところ
～しか～ない|名詞（＋助詞）＋しか～ない|只有…
～しかない|動詞辞書形＋しかない|只好…～ほかない
～したい／したくない／したがる／したがっている|動ます形＋たい／たくない動ます形＋たがる／たがっている|想…想要…愿意…
～上／上は／上も／上の|名詞＋上（じょう）|从…上来看在…上…方面
～過ぎる／が過ぎる（すぎる）|動ます形＋過ぎるい形容詞語幹＋過ぎるな形容詞語幹＋過ぎる名詞＋（が）過ぎる|过于…太…非常に～甚だしく～
～末（に）／末の|名詞＋の＋末（に）／末の動た形＋末（に）／末の|经过…最后……之后，结果…最后…～した結果～
～ず（に）|動詞ない形＋ず（に）|不…就…因为没有…而…～しないで～
～ずとも|動ない形＋ずとも|即使不…也…～なくても
～ずに済む／ないで済む／なくて済む|動ない形＋ずに済む動ない形＋ないで済む動ない形＋なくて済む|不…就解决了不…（也可以解决）不用…就可以了不用…没用…没有…
～せいで／せいか／せいだ／せいにする|動詞普通形＋せいで／せいか／せいだ／せいにするい形容詞普通形＋せいで／せいか／せいだ／せいにするな形容詞語幹＋な＋せいで／せいか／せいだ／せいにする名詞＋の（な）＋せいで／せいか／せいだ／せいにする|因为…都怪…大概是因为…吧～が原因で～だから
～せる／させる（使役態）|五段動詞のない形＋せる一段動詞のない形＋させるする→させる来る→来させる|让…使…
～そうだ|"①伝聞名詞＋だそう／だったそうナ形語幹＋なそうだ／だそうだイ形普通形＋そうだ動詞普通形＋そうだ
②様態イ形語幹＋そうだナ形語幹＋そうだ動ます形＋そうだ（～そうに＋動詞）（～そうな＋名詞）"|"①听说根据
②好像…几乎…显得…似的眼看就要…可能要…快要…会要…"
～そうにする／そうにしている|イ形語幹＋そうにする／そうにしているナ形語幹＋そうにする／そうにしている|显得…的样子
～そうにない／そうもない|動ます形＋そうにない動ます形＋そうもない|看样子不会…
～そうになる|動ます形＋そうになる|差点儿…险些…
～そうに見える|イ形語幹＋（さ）そうに見えるナ形語幹＋そうに見える※動テ形＋（い）そうに見える|看上去显得…
～たいものだ|動ます形＋たいものだ|真想…啊～したい～してみたい
～たきり～（ない）／～たっきり～（ない）|動た形＋きり～（ない）／っきり～（ない）時間を表す名詞＋きり～（ない）／っきり～（ない）（時間を表す）これ／それ／あれ＋きり～（ない）／っきり～（ない）|一…就再没…只…再没…～て以来
～たことがある／たことがない|動詞た形＋たことがある動詞た形＋たことがない|（曾经）…过
～たことにする／たこととする|動た形＋（という）ことにする名詞＋（だ）ということにするな形容詞語幹（＋だ）ということにする|就当作…算作作为～と見なす
～たことになる／たこととなる|動た形＋（という）ことになる動た形＋（という）こととなる|～と見なされる。
～たつもりで|動た形＋つもりで|就当是…认为是…就算是…当做…一样
～たところだ|動た形＋ところだ|刚刚…
～たばかりだ|動た形＋ばかり|刚刚…～し終わってすぐ
～たはずだ|動た形＋はずだ|的确…确实…
～たまえ|動ます形＋たまえ|～してください（命令調）～しなさい
～ため／ために（為に）|"①目的名詞＋の＋ため（に）動詞辞書形＋ため（に）
②恩返し人物名／集団名＋のため（に）
③原因・理由動詞普通形＋ため（に）い形容詞普通形＋ため（に）な形容詞語幹＋な＋ため（に）名詞＋の＋ため（に）"|"①目的　②恩返し为了…
③原因・理由由于…因为…"
～たらどうですか／てはどうですか／てみたらどうですか|動た形＋らどうですか動て形＋てみたらどうですか|…那样做怎么样…的话怎么样？
～た上／～た上で／～の上／～の上で|動た形＋上（で）名詞＋の上（で）|在…之后
～度に（たびに）|名詞＋の＋度に動詞辞書形＋度に|每当…每次…～ときいつも毎回～
たとえ～ても／たとい～ても|たとえ＋動て形＋もたとえ＋い形容詞語幹＋く＋てもたとえ＋な形容詞語幹＋でもたとえ＋名詞＋でも|即使…也…
～だけ|名詞＋（助詞）＋だけな形容詞＋な＋だけい形容詞普通形＋だけ動詞普通形＋だけ|只…光…只有…只是…就是…
～だけでなくて／だけじゃなくて|動詞普通形＋だけでなくい形容詞普通形＋だけでなくな形容詞語幹＋な／である＋だけでなく名詞＋だけでなく|不但…而且…不光…还…不仅…也…
～だけでは～ない|動詞普通形＋だけでは～ないい形容詞普通形＋だけでは～ないな形容詞語幹＋な＋だけでは～ない名詞＋だけでは～ない|光是…的话
～だらけ|名詞＋だらけ|净是…满是…全是…
～出す|動ます形＋出す|①動作の開始②内側から外側への移動③創造・創出
～っけ|動詞辞書形＋っけ／んだっけ／んだったっけ動た形＋っけ／んだっけい形容詞語幹＋かったっけな形容詞語幹＋だっけ／だったっけ／なんだっけ名詞＋だっけ／だったっけ／なんだっけ|是不是…来着。
～つもりだ／ないつもりだ／～つもりはない|動詞辞書形＋つもり動詞辞書形＋つもりはない動ない形＋ないつもり|打算…准备…不打算…不准备…
～続ける|動ます形＋続ける|继续…
つまり～／即ち（すなわち）～|文や単語＋つまり＋文や単語文や単語＋すなわち＋文や単語|即也就是…就是说…换句话说
～てあげる／てやる／て差し上げる（さしあげる）|[主語（与え手）] は [受け手] に [物事] を＋動て形＋あげる[主語（与え手）] から [受け手] に [物事] を＋動て形＋あげる|帮别人…为你…
～てある|他動詞て形＋ある|①…着②（事先）…好了
～ていらっしゃる／ていらっしゃいます／ておいでになる／ておいでになります|名詞＋で＋いらっしゃる／おいでになるイ形容詞語幹＋くて＋いらっしゃる／おいでになるナ形容詞語幹＋で＋いらっしゃる／おいでになる動て形＋いらっしゃる／おいでになる|-
～ている／ておる|動て形＋ている動て形＋ておる|正…着／正在…已经…了以前…／曾经…
～ているところだ|動ている形＋ところだ|正在…
～ておく／とく|動て形＋おく|事先（做好）…
～てから|動て形＋から|…之后再…然后…
～てください／てちょうだい／ないでください／ないでちょうだい／てくれ|動て形＋ください／ちょうだい動ない形＋ないでください／ないでちょうだい|请…请不要…能否请您…
～てくれる／てくださる（下さる）|[主語（与え手）] は [私] に [物事] を＋動て形＋くれる[主語（与え手）] から [私] に [物事] を＋動て形＋くれる|为我…
～てごらん／てごらんなさい|動て形＋ごらん動て形＋ごらんなさい|请…试试～してみて。～しなさい。
～てしまう／ちゃう／でしまう／じゃう|動て形＋しまう動て形の「テ」＋ちゃう／じゃう|①…完／…了②表示后悔,遗憾
～てしょうがない／てしかたがない／てしようがない|動て形＋しょうがないい形容詞語幹＋くてしょうがないな形容詞語幹＋でしょうがない|…得不得了非常…特别……死了
～てたまらない|動て形＋たまらないい形容詞語幹＋くてたまらないな形容詞語幹＋でたまらない|…得不得了非常…特别……死了
～てならない|動て形＋ならないい形容詞語幹＋くてならないな形容詞語幹＋でならない|…得不得了非常…特别…不由得…
～てはいけない／てはだめだ／てはならない|動て形＋はいけない／ちゃいけない／じゃいけない動て形＋はだめだ／ちゃだめだ／じゃだめだ動て形＋はならない／ちゃならない／じゃならない|不可以…不能…不准…不要…
～てばかり／てばかりいる|動て形＋ばかり動て形＋ばかりいる|总是…光是…只…一个劲儿地…老是…
～てはじめて／てみてはじめて|動て形＋はじめて動て形＋みてはじめて|…以后，才…在…之后才…～してからやっと～する
～てほしい|動て形＋ほしい|希望…
～てみる|動て形＋みる|试试…试着…看看看……一下
～てみると／てみたら|動て形＋みると／みたら|试一试…一下那么一做…
～ても～ても|動て形＋も＋動て形＋もい形容詞て形＋も＋い形容詞て形＋もな形容詞語幹＋でも＋な形容詞語幹＋でも名詞＋でも＋名詞＋でも|不论…不论…
～ても～なくても|動て形＋も＋動ない形＋なくても|不管…与否不论…不…
～てもいい／でもいい|動て形＋もいいい形容詞語幹＋くてもいいな形容詞語幹＋でもいい名詞＋でもいい|可以……也行…也好
～てもしょうがない／てもしかたがない／てもしようがない／たってしょうがない／たってしかたがない／たってしようがない|"動て形＋もしょうがないい形容詞語幹＋くてもしようがないな形容詞語幹＋でもしょうがない名詞＋でもしょうがない
動た形＋ってしょうがないい形容詞語幹＋くたってしょうがないな形容詞語幹＋だってしょうがない名詞＋だってしょうがない"|即使…也没用即使…也无可奈何
～てもみない／～てもみなかった／～とは～てもみなかった|（まさか）動て形＋もみなかった（まさか）動詞普通形＋とは＋動て形＋もみなかった|根本没…压根儿没…
～てもみないで|動て形＋もみないで～|没…
～てもよろしいですか／てもよろしいでしょうか|動て形＋もよろしいですか|…可以吗…行吗
～てもらう／て頂く（いただく）|[主語（受け手）] は [与え手] に [物事] を＋動て形＋もらう[主語（受け手）] は [与え手] から [物事] を＋動て形＋もらう|为我…
～ても構わない（かまわない）|動て形＋もかまわないい形容詞語幹＋くて＋もかまわないな形容詞語幹＋で＋もかまわない名詞＋で＋もかまわない|…也可以…也没有关系即使…也没有关系即使…也无可奈何
～ても始まらない|動て形＋も始まらない|即使…也没用即使…也无济于事
～てよかった／なくてよかった|"動て形＋よかった動ない形＋なくてよかった
名詞／ナ形語幹＋でよかった名詞／ナ形語幹＋ではなくてよかった／じゃなくてよかった
イ形語幹＋くてよかったイ形語幹＋くなくてよかった"|幸好……太好了没有做…太好了
～て済む／で済む|動て形＋済む名詞＋で＋済むい形容詞語幹＋くて済む|…就解决了…就办好了
～て頂けますか／て頂けませんか|動て形＋て頂けますか／頂けませんか|能否请您…呢可以帮忙…吗
～て頂けるとありがたい／て頂けると幸いです|動て形＋頂けるとありがたい|您要能…的话,那太好了
～です／ではありません／でした／ではありませんでした|名詞＋は＋名詞＋です名詞＋は＋名詞＋ではありません名詞＋は＋名詞＋でした名詞＋は＋名詞＋ではありませんでした|…是……不是…
～でも～のに|名詞＋でも＞　ナ形容詞普通形＋のに＞　イ形容詞普通形＋のに＞　動詞普通形＋のに|就连…都…更何况…
～と|－|一…就…如果…就……后…一…立刻…一…立即…说到……来看…想一想一个又一个一个，两个地
～ということだ|文の普通形＋ということだ|①听说…／据说…②就是…／也就是说…
～ということになる|名詞＋ということになる動詞普通形＋（という）ことになるい形容詞普通形＋ということになるな形容詞語幹＋（だ／である）＋ということになる|相当于…
～というのは～のことだ／～とは～のことだ|名詞＋というのは＋名詞＋のことだ名詞＋とは＋名詞＋のことだ名詞句＋というのは＋名詞句＋ということだ名詞句＋とは＋名詞句＋ということだ|所谓…就是…
～というほどではない|名詞＋というほどではないナ形語幹＋というほどではないイ形容詞普通形＋というほどではない動詞普通形＋というほどではない|并非达到…程度并不是说就…
～というもの／～なるもの|名詞＋というもの名詞＋っていうもの名詞＋ってもの名詞＋なるもの|…这种东西
～といった～／～や～といった～|名詞（や）、名詞＋といった＋名詞|…等的……这样的…
～とか／とかいう／とかいう話だ|名詞＋とか文普通形＋とか|好像听说…叫…什么的（说是）什么啦据…
～とか～とか|名詞＋とか（＋名詞＋とか）動詞辞書形＋とか（＋動詞辞書形＋とか）|…或……啦,…啦
～とされている|文の普通体＋（だ）とされている|据说…人们认为…被视为…被看成…
～としたら／とすると／とすれば|動詞普通形＋（の）＋としたら／とすると／とすればイ形容詞普通形＋（の）＋としたら／とすると／とすればナ形容詞＋（なの）＋だ＋としたら／とすると／とすれば名詞＋（なの）＋だ＋としたら／とすると／とすれば|要是…如果…假如…
～としても／としたって／としたところで／とて|動詞普通形＋としてもイ形容詞普通形＋としてもナ形語幹＋（だ／である）としても名詞＋（だ／である）としても|即使…也…就算…也…
～とは|動詞普通形＋とはイ形容詞普通形＋とはナ形容詞普通形＋とは名詞普通形＋とは|居然…／竟然…
～とばかり思っていた|名詞／ナ形語幹＋とばかり思っていた名詞／ナ形語幹＋だとばかり思っていた名詞／ナ形語幹＋であるとばかり思っていたい形容詞基本形／ない形＋とばかり思っていた動詞普通形＋とばかり思っていた|一直以为…
～とは思わなかった／とは思ってもみなかった|動詞辞書形／動意向形＋とは思わなかった／とは思ってもみなかったい形容詞普通形＋とは思わなかった／とは思ってもみなかったな形容詞＋だ／である＋とは思わなかった／とは思ってもみなかった名詞＋だ／である＋とは思わなかった／とは思ってもみなかった|没想到（会）…
～とは別に／と別に|名詞＋とは別に動詞普通形＋のとは別に|…以外除了…与…分开与…不同
～とも／ども（共）|数詞＋数量詞＋とも人物を表す名詞＋ども|…们
～と共に（～とともに）|"①随着…動詞辞書形＋とともに名詞＋とともに
②和…一起名詞＋とともに
③既…又…／与…同时動詞辞書形＋とともに（動た形＋とともに）い形容詞原形＋とともにな形容詞語幹＋である＋とともに名詞＋（である）とともに"|随着…和…一起既…又与…同时
～通す（とおす）|動ます形＋通す|干到底坚持到最后
～通り（とおり／どおり）|動詞辞書形＋通り（とおり）動た形＋通り（とおり）名詞＋の＋通り（とおり）名詞＋通り（どおり）|按照…正如…那样
どんなに～ても／いくら～ても|どんなに（いくら）＋動て形＋もどんなに（いくら）＋い形て形＋もどんなに（いくら）＋名詞＋でも|无论…也…尽管…也…多么拼命…也…怎么…
～ないかな／てくれないかな／てもらえないかな／ないかしら（願望）|動ない形＋ないかな／ないかしら動て形＋くれないかな／くれないかしら動て形＋もらえないかな／もらえないかしら|多希望…啊
～ないかな／ないかしら（推測／懸念）|名詞＋では／じゃ＋ないかな／ないかしらナ形語幹＋では／じゃ＋ないかな／ないかしらイ形語幹＋くないかな／くないかしら動ない形＋ないかな／ないかしら|不是…吗…吧
～ないで／ずに|動ない形＋ないで動ない形＋ず（に）（する→せずに）|不…就…没…
～ながら|動ます形＋ながら|一边…,一边…
～ながら／ながらも|動ます形＋ながら（も）い形容詞辞書形＋ながら（も）な形容詞語幹＋（であり）ながら（も）名詞＋（であり）ながら（も）副詞＋とながら（も）副詞＋にながら（も）|虽然…但是…尽管…但是…
～なくてもいい／なくても構わない／ずともよい|名詞＋で／じゃ＋なくてもいいい形容詞語幹＋くなくてもいいな形容詞語幹＋で／じゃ＋なくてもいい動ない形＋なくてもいい／ずともよい|不…也行不…也没关系
～なければならない／なくてはならない／ないといけない／ねばならぬ|動ない形＋なければならないい形容詞語幹＋く＋なければならないな形容詞語幹＋で（じゃ）＋なければならない名詞＋で（じゃ）＋なければならない|必须…非…不可应该…
～なさい／なされ|動ます形＋なさい動ます形＋なされ|命令指示
～など／なんか／なんて|動詞普通形＋など／なんてイ形容詞普通形＋など／なんてナ形容詞普通形＋など／なんて名詞＋など／なんて|①…等／…之类的／…什么的②…之类的／…什么的③竟然…
～なんてあんまりだ／～はあんまりだ／～とはあんまりだ／～ってあんまりだ|イ形容詞普通形＋なんて／とは／って＋あんまりだナ形容詞語幹＋だなんて／とは／って＋あんまりだ動詞普通形＋なんて／とは／って／のは＋あんまりだ名詞＋はあんまりだ／ってあんまりだ|太过分…太过火…
～慣れる|動ます形＋慣れる|惯习惯
～直す|動ます形＋直す|重新…もう一度～する恢复转变
なにしろ～|なにしろ＋文なにしろ＋文＋からなにしろ＋文＋のでなにしろ＋文＋～て|"①因为…～だから～なので
②总之，最…／不管怎么说とにかく～"
～にくい（難い）|動ます形＋にくい|难以…不容易…
～にしろ～にしろ／～にせよ～にせよ／～にしても～にしても|動詞普通形＋～にしろ／～にせよ／～にしてもい形容詞普通形＋～にしろ／～にせよ／～にしてもな形容詞語幹（＋である）＋～にしろ／～にせよ／～にしても名詞（＋である）＋～にしろ／～にせよ／～にしても|无论是…还是…都……也好…也好
～にする|名詞＋にする名詞＋助詞＋にする|就选…了要…决定…
～にする／くする|な形容詞語幹＋にする名詞＋にするい形容詞語幹＋くする動ない形＋なくする|使其成为…
～について／についての／につきましては|名詞＋について名詞＋についての＋名詞名詞＋につきまして（は）|关于…就…
～につれて／につれ|名詞＋につれて／につれ動詞辞書形＋につれて／につれ|随着…伴随…
～にて|名詞＋にて|在…用…以…于…～で
～にとって／にとっての|名詞＋にとって（は）名詞＋にとっての＋名詞|对…来说
～になる／くなる|な形容詞語幹＋になる名詞＋になるい形容詞語幹＋くなる動ない形＋なくなる|变成…变为…
～になる／となる|名詞＋になる／となるな形容詞語幹＋になる／となる動詞辞書形＋ことになるい形容詞語幹＋くなる|变成…变为…成为…变得…定于…定为…
～には|動詞辞書形＋には名詞（＋助詞）＋には人名の名詞＋には|要…就得…为了…～するためには对于…来说
～によらず|名詞＋によらず|不论…不按…与…无关与…不对应
～によると／によれば／の話では|名詞＋によると名詞＋によれば名詞＋の話では／の話によると／の話によれば動詞辞書形＋ところによると／ところによれば動た形＋ところによると／ところによれば|据…按…根据…据说…按照…
～に関して／に関しての／に関する／に関しまして|名詞＋に関して名詞＋に関しての＋名詞名詞＋に関する＋名詞|关于…有于…
～に限りがある／に限りがない|名詞＋に限りがある名詞＋に限りがない|有极限无极限
～に対して／に対する／に対しての|"名詞＋に対して名詞＋に対する／対しての＋名詞
動詞普通形＋のに対してい形容詞普通形＋のに対してな形容詞語幹＋な／である＋のに対して※名詞＋な／である＋のに対して　（③対比のときだけ）"|①对…／向…②每…／比例是…／…比…③与…相反／…而…
～に代わって／に代わり|名詞＋に代わって名詞＋に代わり|代替…
～に比べて／に比べると／と比べて／と比べると|名詞＋に比べて／に比べると／と比べて／と比べると動詞辞書形＋の＋に比べて／に比べると／と比べて／と比べると|与…相比～と比較して
二度と～ない|二度と＋動ない形＋ない|再也不…不再…绝対不…决不再…
～ぬ／ん|動ない形＋ぬ動ない形＋ん|不…～ない
～のだ／のです／んだ／んです|名詞＋なのです／なんですナ形語幹＋なのです／なんですイ形普通形＋のです／んです動詞普通形＋のです／んです|（因为）是……是…的…呀
～ので／んで|動詞普通形＋ので／んでい形容詞普通形＋ので／んでな形容詞語幹＋な＋ので／んで名詞＋な＋ので／んで|因为…
～のところ|名詞＋のところ|现在最近
～のに（逆接・対比・意外・遺憾）|名詞＋なのに名詞＋だったのにナ形容詞語幹＋なのにナ形容詞語幹＋だったのにイ形容詞辞書形＋のにイ形容詞語幹＋かったのに動詞辞書形＋のに動た形＋のに|…却…
～のに（目的）|動詞辞書形＋のに|用于…为了…～するためには
～の上で／～の上では／上（じょう）では|名詞＋の上で（は）名詞＋上（じょう）|根据…来看在…上
～の内／のうち|名詞＋のうち|…当中在…之中
～残す|動ます形＋残す|①剩下、做不完②遗留
～は～が|名詞＋は＋名詞＋が～|主題と主語の提示
～はずがない／はずはない／ないはずがない／ないはずはない|"名詞＋のはずがないい形容詞普通形＋はずがないな形容詞語幹＋な／である＋はずがない動詞普通形＋はずがない
名詞＋で（は）ないはずがないい形容詞ない形＋はずがないな形容詞語幹＋で（は）ないはずがない動ない形＋ないはずがない"|不可能…不会…
～はずだ／ないはずだ|名詞＋のはずだい形容詞普通形＋はずだな形容詞語幹＋な／である＋はずだ動詞普通形＋はずだ|应该…理应…按说…该…怪不得…
～始める／始まる|動ます形＋始める動ます形＋始まる|开始
～ば～ほど／～ば～だけ|動ば形＋動詞辞書形＋ほど動ば形＋動詞辞書形／動た形＋だけい形容詞語幹＋ければ＋い形容詞辞書形＋ほど／だけな形容詞語幹＋であれば＋な形容詞語幹＋である／な＋ほど／だけ（な形容詞語幹＋であればあるほど／であればあるだけ）名詞＋であれば＋名詞＋であるほど／であるだけ（名詞＋であればあるほど／であればあるだけ）|越…越…
～ばいい／なければいい|動詞ば形＋いい動ない形＋なければいい|…就可以…就行…该多好（,但愿…）
～ばかり|①名詞（＋助詞）＋ばかり②数量詞＋ばかり|①只…／光是…②左右／上下
～ばかりだ|動詞辞書形＋ばかり|①越来越…／不断地…／越发…／一直..②只等…
～ばかりで|動詞辞書形＋ばかりでい形容詞＋ばかりでな形容詞語幹＋な＋ばかりで|只…光…净…
～ばかりでなく～も／～ばかりでなくて～も|動詞普通形＋ばかりでなくい形容詞普通形＋ばかりでなくな形容詞語幹＋な／である＋ばかりでなく名詞＋ばかりでなく|不但…而且…不光…还…不仅…也…
～ばよかった／なければよかった|動詞ば形＋よかった動ない形＋なければよかった|要是…的话,就好了要是不…的话,就好了
～ふりをする|名詞＋の＋ふりをするな形容詞＋な＋ふりをする動詞普通形＋ふりをするい形容詞普通形＋ふりをする|假装…（本当はそうではないけど）わざと～のように装う
～ぶり／っぷり|動ます形＋ぶり／っぷり動作性、状態性の名詞＋ぶり／っぷり|…的样子…的状态
～ぶりだ／ぶりに／ぶりの|名詞＋ぶりだ名詞＋ぶりに～した名詞＋ぶりの＋名詞|经过…之后又…时隔…之后又…
～べき／べきだ／べきではない|動詞辞書形＋べき／べきだ／べきではないい形容詞語幹＋くある＋べき／べきだ／べきではないな形容詞語幹＋である＋べき／べきだ／べきではない名詞＋である＋べき／べきだ／べきではない|应该…（べき）不应该…（べきではない）
～べきだった／べきではなかった|動詞辞書形＋べきだった／べきではなかった|当时应该…（べきだった）当时不应该…（べきではなかった）
～別に／別で|名詞＋別に名詞＋別で|按…毎…以…为基准
別に～ない|別に～動ない形＋ない|没什么…不怎么…不特别…没有特别的…没有值得一提的…
～ほうがいい|動た形＋ほうがいい動ない形＋ほうがいい名詞＋の＋ほうがいいい形容詞原形＋ほうがいいな形容詞＋な＋ほうがいい（動詞辞書形＋ほうがいい）|最好是…还是…为好…比较好
～ほうがよかった|動詞辞書形＋ほうがよかった動た形＋ほうがよかった動ない形＋ほうがよかった名詞＋の＋ほうがよかったい形容詞原形＋ほうがよかったな形容詞＋な＋ほうがよかった|如果…就好了
～ほど（程）|動詞普通形＋ほどイ形普通形＋ほどナ形語幹＋な＋ほど名詞＋ほど|…得……得令人…如此的…那样的…甚至能…几乎…简直…
～ほど～ない|動詞普通形＋ほど～ない名詞＋ほど～ない|没有那么…不如…
～ほどの～ではない|動詞辞書形＋ほどの＋名詞＋ではない動ない形＋ほどの＋名詞＋ではない～ほどのことではない～ほどのものではない|并非…程度没有达到…地歩不至于…
～ましょう／ましょうか|動ます形＋ましょう動ます形＋ましょうか|（做）…吧…吧？
～ませんか|動ます形＋ませんか（動ます形＋ません？）|一起做…好吗？（你）不…吗？
～までに|名詞＋までに動詞辞書形＋までに|到…为止在…之前
～まま／ままで／ままだ|名詞＋のままな形容詞＋なままイ形容詞辞書形＋まま動た形＋まま|就那样…保持着原样…维持…的原样
～ままにする|動た形＋ままにする動ない形＋まま（に）|搁置不管放任保持原状
～回る（まわる）|動ます形＋回る|在…范围内到处…
～前に／前で|名詞＋（の）前に動詞辞書形＋前に時間名詞＋の前に|…之前…前…的前面
～みたいだ／みたいに／みたいな|動詞普通形＋みたいだい形容詞普通形＋みたいだな形容詞語幹＋みたいだ名詞＋みたいだ|"①就像…一样宛如……似的
②像…那样按照…样
③好像…就像…"
～向きだ／向きに／向きの|名詞＋向きだ名詞＋向きに＋動詞／形容詞名詞＋向きの＋名詞|适用于…面对…适合…
～向けだ／向けに／向けの|名詞＋向けだ名詞＋向けに＋動詞／形容詞名詞＋向けの＋名詞|向…面向…以…为对象把…作为对象
～もの／もん|"（だって）＋動詞普通形＋もの／もん（だって）＋動詞普通形＋のだもの／んだもの／んだもん（だって）＋動詞普通形＋のですもの／んですもの／んですもん
（だって）＋イ形容詞普通形＋もの／もん（だって）＋イ形容詞普通形＋のだもの／んだもの／んだもん（だって）＋イ形容詞普通形＋のですもの／んですもの／んですもん
（だって）＋ナ形容詞語幹＋だもの／だもん（だって）＋ナ形容詞語幹＋なのだもの／なんだもの／なんだもん（だって）＋ナ形容詞語幹＋なのですもの／なんですもの／なんですもん
（だって）＋名詞＋だもの／だもん（だって）＋名詞＋ですもの／ですもん（だって）＋名詞＋なのだもの／なんだもの／なんだもん（だって）＋名詞＋なのですもの／なんですもの／なんですもん"|因为…（嘛）由于…
～もらう／頂く（いただく）|[主語（受け手）] は [与え手] に [物] をもらう[主語（受け手）] は [与え手] から [物] をもらう|得到…
～やすい（易い）|動ます形＋やすい|容易…易于…好…
～やら～やら|名詞＋やら動詞辞書形＋やらい形容詞辞書形＋やら|…啦…啦又是…又是…一会儿…一会儿…
～止む（やむ）|動ます形＋止む|不…停了
～（よ）うとしない／（よ）うとはしない／（よ）うともしない|動意向形＋としない動意向形＋とはしない動意向形＋ともしない|不想…不打算…没有…的打算都不…
～（よ）うとする／（よ）うとした／（よ）うとしている|動詞意向形＋とする|想要…即将…就要…
～（よ）うと思う|動意向形＋と思う動意向形＋かと思う|打算…想要…想…
～よい／いい|動ます形＋よい動ます形＋いい|容易…易于…
～ようがない／ようもない／ようのない|動ます形＋ようがない動ます形＋ようもない動ます形＋ようのない＋名詞動きを表す名詞＋のしようがない動きを表す名詞＋のしようのない＋名詞|没有办法…无法…～の方法がない（どうしようもない）
～ようでもあり～／～ようでもあるし～／～ような～ような|動詞普通形＋よう～い形容詞普通形＋よう～な形容詞語幹＋な＋よう～名詞＋の＋よう～|既是…又是…一样（似的）又…又…一样又像…又像…
～ような気がする／ような感じがする／ように思う／ように感じる|名詞＋の／である＋ような～な形容詞語幹＋な／である＋ような～い形容詞普通形＋ような～動詞普通形＋ような～|感觉像…感觉好像是（有）…仿佛…似乎…
～ように／ないように|動詞辞書形＋よう（に）動ない形＋よう（に）動詞可能形＋よう（に）動ます形＋ますように／ませんように|为了…要…请…希望能…
～ようにする／ないようにする|動詞辞書形＋ようにする動ない形＋ないようにする|努力做到…要做到…设法做到…
～ようになる／ないようになる|動詞辞書形＋ようになる動ない形＋ないようになる動詞可能形＋ようになる|变得…逐渐会…就能…
～らしい|動詞普通形＋らしいい形容詞普通形＋らしいな形容詞語幹＋らしい名詞＋らしい|"①好像…似乎…
②像…似的地道的…像样的…有…风度的典型的"
～（る）つもりではない|動詞辞書形＋つもりではない動ている形＋つもりではない|并不是有意要…
～（る）ところだ|動詞辞書形＋ところ動意向形＋というところ／ってところ|正要…正想…正打算…
～（る）上で|動詞辞書形＋上で|在…时在…方面
～れる／られる／される（自発態）|五段動詞のない形＋れる一段動詞のない形＋られる|不由得…
～れる／られる／される（受身／受動態）|五段動詞のない形＋れる一段動詞のない形＋られるする→される来る→来られる|被…受到…
～れる／られる／される（尊敬）|五段動詞のない形＋れる一段動詞のない形＋られるする→される来る→来られる|-
～れる／られる／できる（可能態）|五段動詞語尾のエ段＋る一段動詞ない形＋られるする→できる来る→来られる|能…会…可以…
～わけ|動詞普通形＋（という）わけい形容詞普通形＋（という）わけな形容詞語幹＋な／である／という＋わけ名詞＋な／である／という＋わけ|因为…当然…自然…就是…都是…应该是…也就是说换句话说肯定所以怪不得原来如此
～わけがない／わけはない|動詞普通形＋わけがないい形容詞普通形＋わけがないな形容詞語幹＋な／である＋わけがない名詞＋な／である＋わけがない|不可能…不会…
～わけではない／わけでもない／というわけではない／というわけでもない|動詞普通形＋（という）わけではないい形容詞普通形＋（という）わけではないな形容詞語幹＋な／である／という＋わけではない名詞＋な／である／という＋わけではない|并不是…并非…并不是说…并不是因为…
～わけにはいかない／ないわけにはいかない|動詞辞書形＋わけにはいかない動ない形＋ないわけにはいかない|不能…不可以…不能不…不可不…必须…
～わりに／わりには|動詞普通形＋わりに（は）い形容詞普通形＋わりに（は）な形容詞語幹＋な／である＋わりに（は）名詞＋の／である＋わりに（は）|（比较起来）虽然…但是…比起…虽然不…但是…
～を下さい（ください）／をちょうだい／をくれ|名詞＋を下さい|给我…我要…
～を始め／を始めとして／を始めとする|名詞＋を始め（として）名詞＋を始めとする＋名詞|以…为首以…为代表以及从…到…
～を中心にして／を中心に／を中心として|名詞＋を中心に（して）名詞＋を中心として|以…为重点把…作为重点以…为中心围绕着…
～を込めて／を込めた／がこもった／のこもった|名詞＋を込めて名詞＋を込めた＋名詞名詞＋がこもった＋名詞名詞＋のこもった＋名詞|充满…怀着…集中倾注
～んだって／んですって／～って|動詞普通形＋（ん）だって／（ん）ですってい形容詞普通形＋（ん）だって／（ん）ですって名詞＋（なん）だって／（なん）ですってな形容詞＋（なん）だって／（なん）ですって|听说…根说…好像…
～ておる／ております|動て形＋ている動て形＋ておる|正…着／正在…已经…了以前…／曾经…
～によって／によっては／により／による|名詞＋によって／によっては／により／による|【根拠】の用法（根据…／依据…／通过…）
～によって／によっては／により／による|名詞＋によって／によっては／により／による|【手段】の用法（通过…／凭借…／靠…）
～によって／によっては／により／による|名詞＋によって／によっては／により／による|【原因】の用法（因为…而…／由于…原因）
～によって／によっては／により／による|名詞＋によって／によっては／により／による|【受身文に対応する能動文の動作主】の用法（被…／由…）
～によって／によっては／により／による|名詞＋によって／によっては／により／による|異なる状況で異なる結果】の用法（因…／根据…（而不同））
～によって／によっては／により／による|名詞＋によって／によっては／により／による|【動作の主体】の用法
～てくる|動て形＋くる|移動時の状態（…着来）
～てくる|動て形＋くる|順次的動作（…来）
～てくる|動て形＋くる|動作の継続（過去から現在まで）（一直…下来）
～てくる|動て形＋くる|少しずつ近づく（…来）
～てくる|動て形＋くる|状態変化の開始（…起来／…了）
～てくる|動て形＋くる|出現（…出来）
～てくる|動て形＋くる|こちらへの一方的な動作（…来／…过来）
～ていく|動て形＋いく|移動時の状態（…着去／…去）
～ていく|動て形＋いく|順次的動作（…了再去）
～ていく|動て形＋いく|動作の継続（未来へ）（…下去）
～ていく|動て形＋いく|少しずつ遠ざかる（逐渐远去）
～ていく|動て形＋いく|状態変化の進展（…下去）
～ていく|動て形＋いく|消失（消失不见）
～ていく|動て形＋いく|こちらからの一方的な動作（…去／…过去）
