word|transliteration
行く|いく
見る|みる
多い|おおい
家|うち
これ|これ
それ|それ
私|わたし
仕事|しごと
いつ|いつ
する|する
出る|でる
使う|つかう
所|ところ
作る|つくる
思う|おもう
持つ|もつ
買う|かう
時間|じかん
知る|しる
同じ|おなじ
今|いま
新しい|あたらしい
なる|なる
まだ|まだ
あと|あと
聞く|きく
言う|いう
少ない|すくない
高い|たかい
子供|こども
そう|そう
もう|もう
学生|がくせい
熱い|あつい
どうぞ|どうぞ
午後|ごご
長い|ながい
本|ほん
今年|ことし
よく|よく
彼女|かのじょ
どう|どう
言葉|ことば
顔|かお
終わる|おわる
一つ|ひとつ
あげる|あげる
こう|こう
学校|がっこう
くれる|くれる
始める<br>はじまる　始まる|はじめる
起きる|おきる
春|はる
午前|ごぜん
別|べつ
どこ|どこ
部屋|へや
若い|わかい
車|くるま
置く|おく
住む|すむ
働く|はたらく
難しい|むずかしい
先生|せんせい
立つ|たつ
呼ぶ|よぶ
大学|だいがく
安い|やすい
もっと|もっと
帰る|かえる
分かる|わかる
広い|ひろい
数|かず
近い|ちかい
そこ|そこ
走る|はしる
入れる|いれる
教える|おしえる
歩く|あるく
会う|あう
書く|かく
頭|あたま
売る|うる
大好き|だいすき
体|からだ
直ぐ|すぐ
飛ぶ|とぶ
とても|とても
誰|だれ
好き|すき
読む|よむ
次|つぎ
あなた|あなた
飲む|のむ
古い|ふるい
質問|しつもん
今日|きょう
友達|ともだち
早い|はやい
どれ|どれ
美しい|うつくしい
いつも|いつも
足|あし
起こす|おこす
見せる|みせる
娘|むすめ
楽しむ|たのしむ
色|いろ
みんな|みんな
取る|とる
勉強|べんきょう
できる|できる
短い|みじかい
落ちる|おちる
息子|むすこ
白い|しろい
飛行機|ひこうき
病気|びょうき
冬|ふゆ
年|とし
重い|おもい
胸|むね
払う|はらう
軽い|かるい
見つける|みつける
忘れる|わすれる
酒|さけ
どちら|どちら
姉|あね
覚える|おぼえる
狭い|せまい
赤い|あかい
着る|きる
笑う|わらう
一番|いちばん
授業|じゅぎょう
週|しゅう
漢字|かんじ
自転車|じてんしゃ
電車|でんしゃ
探す|さがす
紙|かみ
歌う|うたう
遅い|おそい
首|くび
速い|はやい
一緒に|いっしょに
今月|こんげつ
遊ぶ|あそぶ
遠い|とおい
弱い|よわい
耳|みみ
座る|すわる
右|みぎ
浴びる|あびる
肩|かた
寝る|ねる
消す|けす
元気|げんき
全部|ぜんぶ
去年|きょねん
引く|ひく
図書館|としょかん
上げる|上げる<br><div>上がる</div>
緑|みどり
腕|うで
ドア|どあ
女の子|おんなのこ
男の子|おとこのこ
私たち|わたしたち
近く|ちかく
やる|やる
かなり|かなり
国|くに
起こる|おこる
秋|あき
送る|おくる
死ぬ|しぬ
気持ち|きもち
乗る|のる
いる|いる
木|き
開ける|あける
閉める|しめる
続く|つづく
お医者さん|おいしゃさん
円|えん
ここ|ここ
待つ|まつ
低い|ひくい
もらう|もらう
食べる|たべる
兄|あに
名前|なまえ
夫|おっと
一|いち
結婚|けっこん
親|おや
話す|はなす
少し|すこし
閉じる|とじる
時|とき
米|こめ
切る|きる
楽しい|たのしい
服|ふく
後ろ|うしろ
嬉しい|うれしい
腰|こし
日曜日|にちようび
昼|ひる
お母さん|おかあさん
大学生|だいがくせい
終わり|おわり
背|せ
手伝う|てつだう
鼻|はな
起きる|おきる
載せる|のせる
悲しい|かなしい
しゃべる|しゃべる
近く|ちかく
甘い|あまい
テーブル|てーぶる
食べ物|たべもの
始まる|はじまる
ゲーム|げーむ
十|じゅう
天気|てんき
暑い|あつい
太い|ふとい
晩|ばん
土曜日|どようび
痛い|いたい
お父さん|おとうさん
多分|たぶん
時計|とけい
泊まる|とまる
どうして|どうして
掛ける|かける
曲がる|まがる
お腹|おなか
ミーティング|みーてぃんぐ
嫌い|きらい
金曜日|きんようび
要る|いる
無い|ない
黄色い|きいろい
風邪|かぜ
優しい|やさしい
晴れる|はれる
汚い|きたない
茶色|ちゃいろ
空く|すく
上る|のぼる
ご飯|ごはん
日|にち
髪の毛|かみのけ
つける|つける
月曜日|げつようび
入る|はいる
カタカナ|かたかな
今週|こんしゅう
開く|ひらく
水|みず
あれ|あれ
二|に
締める|しめる
まずい|まずい
平仮名|ひらがな
曇る|くもる
触る|さわる
駄目|だめ
飲み物|のみもの
木曜日|もくようび
曜日|ようび
そば|そば
こっち|こっち
火曜日|かようび
渇く|かわく
三|さん
水曜日|すいようび
二つ|ふたつ
今晩|こんばん
千|せん
六日|むいか
お姉さん|おねえさん
直る|なおる
ちょっと|ちょっと
四|よん
これから|これから
考える|かんがえる
戻る|もどる
変える|かえる
朝|あさ
歯|は
頑張る|がんばる
携帯電話|けいたいでんわ
雨|あめ
金|かね
易しい|やさしい
お兄さん|おにいさん
大きい|おおきい
小さい|ちいさい
辛い|からい
八|はち
あそこ|あそこ
来る|くる
前|まえ
五日|いつか
いっぱい|いっぱい
九|きゅう
酸っぱい|すっぱい
違う|ちがう
細い|ほそい
三つ|みっつ
八日|ようか
高校生|こうこうせい
上手|じょうず
強い|つよい
七|なな
二十日|はつか
左|ひだり
二日|ふつか
四つ|よっつ
暖かい|あたたかい
ある|ある
いい|いい
上|うえ
駅|えき
美味しい|おいしい
昨日|きのう
綺麗|きれい
五|ご
九つ|ここのつ
お願い|おねがい
答える|こたえる
先|さき
寒い|さむい
四|し
三日|みっか
下|した
大丈夫|だいじょうぶ
大人|おとな
出す|だす
父|ちち
母|はは
月|つき
妹|いもうと
冷たい|つめたい
弟|おとうと
手|て
十日|とおか
口|くち
夏|なつ
七つ|ななつ
時々|ときどき
何|なに
人|ひと
一人|ひとり
一日|ついたち
九日|ここのか
方|ほう
他|ほか
僕|ぼく
欲しい|ほしい
万|まん
見える|みえる
道|みち
五つ|いつつ
目|め
八つ|やっつ
止める|やめる
四日|よっか
夜|よる
来年|らいねん
六|ろく
悪い|わるい
お手洗い|おてあらい
ご主人|ごしゅじん
本当に|ほんとうに
自分|じぶん
ため|ため
見つかる|みつかる
休む|やすむ
ゆっくり|ゆっくり
六つ|むっつ
花|はな
動く|うごく
線|せん
七日|なのか
以外|いがい
男|おとこ
彼|かれ
女|おんな
妻|つま
百|ひゃく
辺|へん
店|みせ
閉まる|しまる
問題|もんだい
必要|ひつよう
もつ|もつ
開く|あく
昨年|さくねん
治る|なおる
ドル|どる
システム|しすてむ
以上|いじょう
最近|さいきん
世界|せかい
コンピューター|こんぴゅーたー
やる|やる
意味|いみ
増える|ふえる
選ぶ|えらぶ
生活|せいかつ
進める|すすめる
続ける|つづける
ほとんど|ほとんど
会社|かいしゃ
家|いえ
多く|おおく
話|はなし
上がる|あがる
もう|もう
集める|あつめる
声|こえ
初めて|はじめて
変わる|かわる
まず|まず
社会|しゃかい
プログラム|ぷろぐらむ
力|ちから
今回|こんかい
予定|よてい
まま|まま
テレビ|てれび
減る|へる
消える|きえる
家族|かぞく
比べる|くらべる
生まれる|うまれる
ただ|ただ
これら|これら
調べる|しらべる
事故|じこ
電話|でんわ
外国|がいこく
銀行|ぎんこう
十分|じゅうぶん
あまり|あまり
写真|しゃしん
繰り返す|くりかえす
種類|しゅるい
意見|いけん
新聞|しんぶん
文章|ぶんしょう
目立つ|めだつ
相手|あいて
病院|びょういん
厚い|あつい
忙しい|いそがしい
薄い|うすい
川|かわ
暗い|くらい
クラス|くらす
黒い|くろい
バス|ばす
青い|あおい
買い物|かいもの
薬|くすり
砂糖|さとう
休み|やすみ
郵便局|ゆうびんきょく
住所|じゅうしょ
こちら|こちら
財布|さいふ
パスポート|ぱすぽーと
椅子|いす
可愛い|かわいい
お祖父さん|おじいさん
切手|きって
涼しい|すずしい
いくつ|いくつ
メニュー|めにゅー
電気|でんき
勝つ|かつ
負ける|まける
建てる|たてる
日記|にっき
売り切れ|うりきれ
お巡りさん|おまわりさん
目覚まし時計|めざましどけい
レシート|れしーと
ティッシュ|てぃっしゅ
歯ブラシ|はぶらし
下りる|おりる
洗う|あらう
パート|ぱーと
氏名|しめい
今夜|こんや
夜中|よなか
来週|らいしゅう
誰か|だれか
何|なん
今朝|けさ
寿司|すし
履く|はく
おじさん|おじさん
おばさん|おばさん
お祖母さん|おばあさん
いとこ|いとこ
辞書|じしょ
朝ご飯|あさごはん
白|しろ
どっち|どっち
そっち|そっち
明日|あした
明後日|あさって
一昨日|おととい
庭|にわ
左側|ひだりがわ
右側|みぎがわ
指|ゆび
眼鏡|めがね
鞄|かばん
あっち|あっち
大人しい|おとなしい
下手|へた
厳しい|きびしい
一人で|ひとりで
答え|こたえ
この頃|このごろ
残念|ざんねん
仕舞う|しまう
心配|しんぱい
外|そと
大切|たいせつ
ちょうど|ちょうど
助ける|たすける
勤める|つとめる
連れていく|つれていく
丈夫|じょうぶ
賑やか|にぎやか
眠い|ねむい
山|やま
橋|はし
止まる|とまる
降る|ふる
本当|ほんとう
町|まち
お菓子|おかし
緩い|ゆるい
良い|よい
ようこそ|ようこそ
お土産|おみやげ
両親|りょうしん
ウェーター|うぇーたー
ウェートレス|うぇーとれす
絶対に|ぜったいに
ごちそう|ごちそう
フォーク|ふぉーく
スプーン|すぷーん
瓶|びん
付く|つく
醤油|しょうゆ
茶碗|ちゃわん
決める|きめる
感じる|かんじる
生きる|いきる
動かす|うごかす
壊れる|こわれる
復習|ふくしゅう
眉|まゆ
客|きゃく
机|つくえ
風呂|ふろ
湯|ゆ
ぬるい|ぬるい
風邪薬|かぜぐすり
靴下|くつした
たばこ|たばこ<br>きつえん
アイスコーヒー|あいすこーひー
天ぷら|てんぷら
肉|にく
昨夜|ゆうべ
流行る|はやる
連れてくる|つれてくる
方|かた
零|れい
雲|くも
空|そら
人気|にんき
兄さん|にいさん
姉さん|ねえさん
平成|へいせい
毎月|まいつき
半日|はんにち
半月|はんつき
なるほど|なるほど
つまり|つまり
そのまま|そのまま
はっきり|はっきり
大変|たいへん
簡単|かんたん
似ている|にている
驚く|おどろく
嫌|いや
喧嘩|けんか
遅れる|おくれる
にんじん|にんじん
ジャガイモ|じゃがいも
ナス|なす
やかん|やかん
話し合う|はなしあう
残す|のこす
ごちそうする|ごちそうする
合う|あう
当たる|あたる
集まる|あつまる
場所|ばしょ
海|うみ
少年|しょうねん
孫|まご
生徒|せいと
高校|こうこう
年上|としうえ
卒業|そつぎょう
運動|うんどう
選手|せんしゅ
映画|えいが
英語|えいご
手紙|てがみ
動物|どうぶつ
音|おと
海外|かいがい
外国人|がいこくじん
帰国|きこく
彼ら|かれら
機械|きかい
基本|きほん
今度|こんど
最後|さいご
最初|さいしょ
準備|じゅんび
進む|すすむ
直接|ちょくせつ
特に|とくに
届く|とどく
なぜ|なぜ
並ぶ|ならぶ
運ぶ|はこぶ
直す|なおす
反対|はんたい
場合|ばあい
詳しい|くわしい
いたずら|いたずら
お祝い|おいわい
くし|くし
こぼれる|こぼれる
伝える|つたえる
膝|ひざ
肘|ひじ
枕|まくら
建物|たてもの
道路|どうろ
四つ角|よつかど
曲がり角|まがりかど
警察|けいさつ
空気|くうき
スポーツ|すぽーつ
チャンス|ちゃんす
クリーニング|くりーにんぐ
サービス|さーびす
グループ|ぐるーぷ
自宅|じたく
家庭|かてい
期間|きかん
年度|ねんど
経験|けいけん
安全|あんぜん
危険|きけん
注意|ちゅうい
成功|せいこう
努力|どりょく
説明|せつめい
地震|じしん
手術|しゅじゅつ
火傷|やけど
課題|かだい
子|こ
確認|かくにん
実際|じっさい
国際|こくさい
会議|かいぎ
提案|ていあん
事務所|じむしょ
教授|きょうじゅ
世紀|せいき
あちこち|あちこち
そちら|そちら
あちら|あちら
もし|もし
うるさい|うるさい
 固い|かたい
深い|ふかい
面白い|おもしろい
全く|まったく
半分|はんぶん
普通|ふつう
分|ぶん
文化|ぶんか
毎日|まいにち
気を付ける|きをつける
守る|まもる
もちろん|もちろん
やはり|やはり
いくら|いくら
よろしく|よろしく
どなた|どなた
許す|ゆるす
分ける|わける
自然|しぜん
アパート|あぱーと
ホテル|ほてる
パソコン|ぱそこん
うまい|うまい
明るい|あかるい
急ぐ|いそぐ
歌|うた
中学校|ちゅうがっこう
テスト|てすと
ポスト|ぽすと
ハンカチ|はんかち
髪|かみ
帽子|ぼうし
被る|かぶる
ブラウス|ぶらうす
週末|しゅうまつ
先週|せんしゅう
再来週|さらいしゅう
いつか|いつか
宿題|しゅくだい
鍵|かぎ
傘|かさ
乗り換える|のりかえる
向かう|むかう
本屋|ほんや
お茶|おちゃ
改札口|かいさつぐち
晴れ|はれ
バス停|ばすてい
曇り|くもり
塩|しお
たくさん|たくさん
大嫌い|だいきらい
中|なか
二階|にかい
無くす|なくす
まあまあ|まあまあ
黄色|きいろ
ランチ|らんち
魚|さかな
味|あじ
りんご|りんご
みかん|みかん
皿|さら
コーヒー|こーひー
コップ|こっぷ
二人|ふたり
止む|やむ
九|く
昼間|ひるま
いつ頃|いつごろ
字|じ
七|しち
お釣り|おつり
名字|みょうじ
おじ|おじ
おば|おば
祖父|そふ
祖母|そぼ
大事|だいじ
見方|みかた
鳥|とり
犬|いぬ
返事|へんじ
また|また
年間|ねんかん
青|あお
赤|あか
信号|しんごう
円|えん
非常に|ひじょうに
複雑|ふくざつ
平和|へいわ
回る|まわる
若者|わかもの
雪|ゆき
うまい|うまい
思い出す|おもいだす
聞こえる|きこえる
借りる|かりる
返す|かえす
受け取る|うけとる
捨てる|すてる
一緒|いっしょ
遊び|あそび
移す|うつす
大きさ|おおきさ
考え|かんがえ
空港|くうこう
出発|しゅっぱつ
地図|ちず
運転|うんてん
降りる|おりる
ガス|がす
必ず|かならず
カメラ|かめら
通う|かよう
急に|きゅうに
サラリーマン|さらりーまん
給料|きゅうりょう
曲|きょく
切れる|きれる
正しい|ただしい
苦しい|くるしい
細かい|こまかい
静か|しずか
健康|けんこう
ゴルフ|ごるふ
コース|こーす
頼む|たのむ
困る|こまる
ずっと|ずっと
例えば|たとえば
つもり|つもり
しばらく|しばらく
紹介|しょうかい
小学校|しょうがっこう
公園|こうえん
中学|ちゅうがく
成績|せいせき
教科書|きょうかしょ
席|せき
教室|きょうしつ
教師|きょうし
試験|しけん
合格|ごうかく
数学|すうがく
数字|すうじ
音楽|おんがく
食事|しょくじ
壁|かべ
信じる|しんじる
育てる|そだてる
倒れる|たおれる
落とす|おとす
代わる|かわる
タクシー|たくしー
確か|たしか
立てる|たてる
中学生|ちゅうがくせい
売れる|うれる
着く|つく
決まる|きまる
飾る|かざる
殺す|ころす
下げる|さげる
贈る|おくる
訪ねる|たずねる
打つ|うつ
相談|そうだん
玄関|げんかん
兄弟|きょうだい
長男|ちょうなん
高さ|たかさ
用|よう
時代|じだい
位置|いち
季節|きせつ
穴|あな
裏|うら
島|しま
海岸|かいがん
ガラス|がらす
自然|しぜん
風|かぜ
科学|かがく
太陽|たいよう
台風|たいふう
北|きた
馬|うま
牛肉|ぎゅうにく
雑誌|ざっし
小説|しょうせつ
大使館|たいしかん
故障|こしょう
温度|おんど
何か|なにか
向こう|むこう
真ん中|まんなか
遠く|とおく
横|よこ
つまらない|つまらない
素晴らしい|すばらしい
毎年|まいとし
来月|らいげつ
日時|にちじ
夕方|ゆうがた
通る|とおる
自動車|じどうしゃ
慣れる|なれる
撮る|とる
やっと|やっと
どんどん|どんどん
並べる|ならべる
逃げる|にげる
渡す|わたす
値段|ねだん
両方|りょうほう
約束|やくそく
一部|いちぶ
ラジオ|らじお
入院|にゅういん
ニュース|にゅーす
旅行|りょこう
用意|ようい
伸びる|のびる
パーティー|ぱーてぃー
ビール|びーる
早く|はやく
番組|ばんぐみ
ビデオ|びでお
増やす|ふやす
振る|ふる
迎える|むかえる
無理|むり
珍しい|めずらしい
有名|ゆうめい<div>ゆめ夢</div>
喜ぶ|よろこぶ
留学|りゅうがく
料理|りょうり
野菜|やさい
分かれる|わかれる
特別|とくべつ
理由|りゆう
自由|じゆう
方向|ほうこう
残る|のこる
ビル|びる
まとめる|まとめる
流れる|ながれる
セーター|せーたー
シャツ|しゃつ
洗濯|せんたく
間違える|まちがえる
アイスクリーム|あいすくりーむ
乾く|かわく
冷める|さめる
色々|いろいろ
持って行く|もっていく
着替える|きがえる
石鹸|せっけん
野球|やきゅう
昼食|ちゅうしょく
朝食|ちょうしょく
眠る|ねむる
初め|はじめ
火|ひ
西|にし
東|ひがし
南|みなみ
夕食|ゆうしょく
なかなか|なかなか
励ます|はげます
涙|なみだ
夢|ゆめ
職場|しょくば
隣|となり
マンション|まんしょん
エレベーター|えれべーたー
窓|まど
押す|おす
入学|にゅうがく
戸|と
通り|とおり
亡くなる|なくなる
夫婦|ふうふ
女性|じょせい
森|もり
トラック|とらっく
レコード|れこーど
熱|ねつ
ページ|ぺーじ
踊る|おどる
長さ|ながさ
厚さ|あつさ
秘密|ひみつ
凄い|すごい
親切|しんせつ
絶対|ぜったい
先月|せんげつ
一昨年|おととし
冬休み|ふゆやすみ
夏休み|なつやすみ
休日|きゅうじつ
正月|しょうがつ
思い出|おもいで
たまに|たまに
おかしい|おかしい
浅い|あさい
君|きみ
奥さん|おくさん
赤ちゃん|あかちゃん
小学生|しょうがくせい
貸す|かす
数える|かぞえる
生む|うむ
育つ|そだつ
是非|ぜひ
黒|くろ
おもちゃ|おもちゃ
靴|くつ
連絡|れんらく
伝言|でんごん
預ける|あずける
下がる|さがる
泳ぐ|およぐ
アルバイト|あるばいと
コート|こーと
趣味|しゅみ
散歩|さんぽ
幸せ|しあわせ
安心|あんしん
大勢|おおぜい
医者|いしゃ
運転手|うんてんしゅ
新幹線|しんかんせん
往復|おうふく
コピー|こぴー
奥|おく
重さ|おもさ
親しい|したしい
修理|しゅうり
カード|かーど
挨拶|あいさつ
階段|かいだん
配る|くばる
断る|ことわる
グラム|ぐらむ
濃い|こい
壊す|こわす
桜|さくら
仕方|しかた
絵|え
気温|きおん
品物|しなもの
吸う|すう
案内|あんない
スキー|すきー
金持ち|かねもち
尋ねる|たずねる
叩く|たたく
帰り|かえり
卵|たまご
氷|こおり
留学生|りゅうがくせい
ソフト|そふと
歯医者|はいしゃ
蹴る|ける
敷く|しく
ひととき|ひととき
交通事故|こうつうじこ
遭う|あう
招待|しょうたい
咲く|さく
二十歳|はたち
銀|ぎん
内側|うちがわ
池|いけ
石|いし
愛|あい
課|か
大学院|だいがくいん
台所|だいどころ
カラー|からー
すり|すり
キャンプ|きゃんぷ
オートバイ|おーとばい
建つ|たつ
刺す|さす
言い方|いいかた
沈む|しずむ
組み立てる|くみたてる
恐ろしい|おそろしい
外人|がいじん
牛|うし
食堂|しょくどう
毎年|まいねん
毎週|まいしゅう
何度|なんど
 なかなか| なかなか
さっき|さっき
久しぶり|ひさしぶり
便利|べんり
迷惑|めいわく
そんなに|そんなに
びっくりする|びっくりする
足りる|たりる
疲れる|つかれる
ひどい|ひどい
全然|ぜんぜん
猫|ねこ
デパート|でぱーと
トイレ|といれ
地下鉄|ちかてつ
駐車場|ちゅうしゃじょう
ぶつかる|ぶつかる
運賃|うんちん
通学|つうがく
見送る|みおくる
泣く|なく
レストラン|れすとらん
メモ|めも
予約|よやく
番号|ばんごう
注文|ちゅうもん
パン|ぱん
ワイン|わいん
材料|ざいりょう
豚肉|ぶたにく
焼く|やく
匂い|におい
付ける|つける
痩せる|やせる
届ける|とどける
間に合う|まにあう
向く|むく
強さ|つよさ
得意|とくい
塗る|ぬる
投げる|なげる
習う|ならう
注目|ちゅうもく
未来|みらい
箱|はこ
右手|みぎて
左手|ひだりて
プール|ぷーる
ピアノ|ぴあの
光る|ひかる
踏む|ふむ
別々|べつべつ
ボール|ぼーる
握る|にぎる
真っ赤|まっか
拾う|ひろう
回す|まわす
ノート|のーと
辞める|やめる
揺れる|ゆれる
立派|りっぱ
練習|れんしゅう
割る|わる
部分|ぶぶん
拭く|ふく
招く|まねく
急|きゅう
汚れる|よごれる
渡る|わたる
途中|とちゅう
インタビュー|いんたびゅー
盗む|ぬすむ
普段|ふだん
旅館|りょかん
博物館|はくぶつかん
ホーム|ほーむ
引っ越す|ひっこす
荷物|にもつ
家賃|やちん
計画|けいかく
廊下|ろうか
天井|てんじょう
ベッド|べっど
ソファー|そふぁー
屋根|やね
祭り|まつり
離婚|りこん
葉|は
ボート|ぼーと
燃える|もえる
巻く|まく
プラスチック|ぷらすちっく
訪れる|おとずれる
破る|やぶる
関係|かんけい
不幸|ふこう
録音|ろくおん
外国語|がいこくご
着物|きもの
牛乳|ぎゅうにゅう
救急車|きゅうきゅうしゃ
果物|くだもの
間違い|まちがい
映画館|えいがかん
怖い|こわい
鏡|かがみ
草|くさ
敬語|けいご
欠席|けっせき
スイッチ|すいっち
掃除|そうじ
畳|たたみ
速さ|はやさ
林|はやし
プレゼント|ぷれぜんと
弁当|べんとう
いつでも|いつでも
寂しい|さびしい
少しも|すこしも
尊敬|そんけい
テニス|てにす
広さ|ひろさ
読み|よみ
我慢|がまん
国籍|こくせき<br>国際　こくさい
恥ずかしい|はずかしい
ボタン|ぼたん
洋服|ようふく
油|あぶら
おかしい|おかしい
余る|あまる
"""コート<div><font color=""""#8e8e93"""">(sport)</font></div>"""|こーと
正直|しょうじき
ドラマ|どらま
ビザ|びざ
水道|すいどう
店員|てんいん
電池|でんち
ポケット|ぽけっと
握手|あくしゅ
そろそろ|そろそろ
ぶどう|ぶどう
迷う|まよう
見物|けんぶつ
知らせる|しらせる
神社|じんじゃ
注射|ちゅうしゃ
めったに|めったに
作文|さくぶん
鳴る|なる
真面目|まじめ
申し込む|もうしこむ
冷蔵庫|れいぞうこ
気に入る|きにいる
クリスマス|くりすます
ネクタイ|ねくたい
誕生日|たんじょうび
独身|どくしん
苦い|にがい
バイオリン|ばいおりん
バッグ|ばっぐ
今まで|いままで
切符|きっぷ
ゴム|ごむ
少々|しょうしょう
随分|ずいぶん
引っ張る|ひっぱる
焼ける|やける
鉛筆|えんぴつ
会話|かいわ
ギター|ぎたー
茶|ちゃ
暑さ|あつさ
胃|い
禁煙|きんえん
丸い|まるい
写る|うつる
喫茶店|きっさてん
やっぱり|やっぱり
週刊誌|しゅうかんし
棚|たな
震える|ふるえる
磨く|みがく
カーテン|かーてん
火事|かじ
ナイフ|ないふ
皆さん|みなさん
受ける|うける
付く|つく
私|わたくし
結構|けっこう
悪口|わるくち
広まる|ひろまる
内緒|ないしょ
つぶる|つぶる
用件|ようけん
ロマンチック|ろまんちっく
貯金|ちょきん
バイク|ばいく
預かる|あずかる
オレンジ|おれんじ
噛む|かむ
きつい|きつい
越える|こえる
小包|こづつみ
新年|しんねん
配達|はいたつ
動物園|どうぶつえん
封筒|ふうとう
危ない|あぶない
テキスト|てきすと
ビニール|びにーる
アルバム|あるばむ
水泳|すいえい
混む|こむ
スカート|すかーと
取れる|とれる
ペン|ぺん
物|もの
郵便|ゆうびん
割れる|われる
駅員|えきいん
おしゃべり|おしゃべり
緑色|みどりいろ
毎朝|まいあさ
曲げる|まげる
きっと|きっと
理科|りか
下着|したぎ
太る|ふとる
冷房|れいぼう
別れる|わかれる
空く|あく
出掛ける|でかける
毎晩|まいばん
指輪|ゆびわ
腐る|くさる
貧乏|びんぼう
おしゃれ|おしゃれ
休憩|きゅうけい
舌|した
ジュース|じゅーす
ゼロ|ぜろ
朝刊|ちょうかん
丁寧|ていねい
苦手|にがて
日|ひ
引っ越し|ひっこし
歩道|ほどう
折れる|おれる
見送り|みおくり
夕刊|ゆうかん
この間|このあいだ
冷える|ひえる
ピンク|ぴんく
グラス|ぐらす
毛|け
黒板|こくばん
積もる|つもる
半年|はんとし
現在|げんざい
利用|りよう
方法|ほうほう
中心|ちゅうしん
明らか|あきらか
社長|しゃちょう
ほぼ|ほぼ
商品|しょうひん
大型|おおがた
限る|かぎる
記録|きろく
具体的|ぐたいてき
効果|こうか
公開|こうかい
作品|さくひん
迫る|せまる
大会|たいかい
背景|はいけい
文字|もじ
規則|きそく
近所|きんじょ
グラフ|ぐらふ
首都|しゅと
減らす|へらす
隠れる|かくれる
美術館|びじゅつかん
ばか|ばか
暇|ひま
絵葉書|えはがき
あんなに|あんなに
行き|いき
通勤|つうきん
ちゃんと|ちゃんと
のんびり|のんびり
緊張|きんちょう
気付く|きづく
物語|ものがたり
出口|でぐち
登る|のぼる
真っ白|まっしろ
下ろす|おろす
貸し出す|かしだす
サッカー|さっかー
暖房|だんぼう
手袋|てぶくろ
留守|るす
嘘|うそ
遠慮|えんりょ
折る|おる
スープ|すーぷ
バナナ|ばなな
可哀相|かわいそう
パトカー|ぱとかー
ハンバーガー|はんばーがー
毛布|もうふ
エスカレーター|えすかれーたー
お嬢さん|おじょうさん
手帳|てちょう
タオル|たおる
売店|ばいてん
パチンコ|ぱちんこ
謝る|あやまる
ケーキ|けーき
天気予報|てんきよほう
変|へん
一生懸命|いっしょうけんめい
間違う|まちがう
事務室|じむしつ
スーツ|すーつ
チケット|ちけっと
チョコレート|ちょこれーと
脱ぐ|ぬぐ
年賀状|ねんがじょう
乗り物|のりもの
布団|ふとん
役に立つ|やくにたつ
破れる|やぶれる
用事|ようじ
写す|うつす
腕時計|うでどけい
贈り物|おくりもの
チャンネル|ちゃんねる
冷やす|ひやす
片付ける|<div>かたづける<br></div>
乾杯|かんぱい
停車|ていしゃ
鳴く|なく
ガソリンスタンド|がそりんすたんど
片道|かたみち
交番|こうばん
大分|だいぶ
デート|でーと
梅雨|つゆ
真っ直ぐ|まっすぐ
レモン|れもん
上着|うわぎ
偉い|えらい
書き方|かきかた
炊く|たく
チーズ|ちーず
ドライブ|どらいぶ
踏切|ふみきり
ラケット|らけっと
受付|うけつけ
怒る|おこる
化粧|けしょう
都合|つごう
ひげ|ひげ
本棚|ほんだな
真っ暗|まっくら
沸く|わく
売り切れる|うりきれる
押し入れ|おしいれ
革|かわ
ぐっすり|ぐっすり
紅茶|こうちゃ
邪魔|じゃま
ソース|そーす
足す|たす
トマト|とまと
バター|ばたー
発車|はっしゃ
バレーボール|ばれーぼーる
おかず|おかず
カレンダー|かれんだー
とにかく|とにかく
楽しみ|たのしみ
おしゃべり|おしゃべり
読書|どくしょ
寒気|さむけ
夕焼け|ゆうやけ
痛める|いためる
くすぐったい|くすぐったい
泥棒|どろぼう
襖|ふすま
美人|びじん
タイプライター|たいぷらいたー
再来年|さらいねん
冗談|じょうだん
近づく|ちかづく
電話帳|でんわちょう
ベル|べる
干す|ほす
金額|きんがく
蚊|か
悲しむ|かなしむ
クーラー|くーらー
失礼|しつれい
洗濯機|せんたくき
豆腐|とうふ
昼寝|ひるね
不便|ふべん
ミルク|みるく
向こう側|むこうがわ
億|おく
お礼|おれい
着せる|きせる
サラダ|さらだ
代える|かえる
四角|しかく
急行|きゅうこう
交差点|こうさてん
覚める|さめる
昼休み|ひるやすみ
ベルト|べると
真っ黒|まっくろ
皆様|みなさま
ラーメン|らーめん
ライター|らいたー
ワイシャツ|わいしゃつ
転ぶ|ころぶ
シャワー|しゃわー
扇風機|せんぷうき
遅刻|ちこく
釣る|つる
うどん|うどん
仮名|かな
記念日|きねんび
下り|くだり
掲示板|けいじばん
凍る|こおる
ごみ|ごみ
スーパーマーケット|すーぱーまーけっと
ぶらぶら|ぶらぶら<div>ふらふら</div>
アナウンサー|あなうんさー
自炊|じすい
止める|とめる
年下|としした
治す|なおす
箸|はし
花見|はなみ
引き出し|ひきだし
訳|やく
いかが|いかが
交通費|こうつうひ
ステレオ|すてれお
再会|さいかい
滑る|すべる
早口|はやくち
裏返す|うらがえす
角|かど
きらきら|きらきら
三角|さんかく
激しい|はげしい
経営|けいえい
拡大|かくだい
姿勢|しせい
周辺|しゅうへん
他|た
達する|たっする
当時|とうじ
当然|とうぜん
能力|のうりょく
判断|はんだん
過ぎる|すぎる
正確|せいかく
戦争|せんそう
放送|ほうそう
習慣|しゅうかん
フィルム|ふぃるむ
受け付ける|うけつける
ダンス|だんす
こんなに|こんなに
吹く|ふく
まあ|まあ
メール|めーる
インターネット|いんたーねっと
出身|しゅっしん
職業|しょくぎょう
スター|すたー
くだらない|くだらない
名簿|めいぼ
通常|つうじょう
家内|かない
消防署|しょうぼうしょ
再び|ふたたび
大統領|だいとうりょう
入場券|にゅうじょうけん
ネックレス|ねっくれす
パジャマ|ぱじゃま
ボールペン|ぼーるぺん
かゆい|かゆい
覚ます|さます
すいか|すいか
そば|そば
特急|とっきゅう
のり|のり
大抵|たいてい
バスケットボール|ばすけっとぼーる
酔っ払う|よっぱらう
どきどき|どきどき
欲しがる|ほしがる
早起き|はやおき
味噌汁|みそしる
読み方|よみかた
入り口|いりぐち
降ろす|おろす
掛かる|かかる
サンドイッチ|さんどいっち
四角い|しかくい
突き当たる|つきあたる
乾かす|かわかす
定期券|ていきけん
にこにこ|にこにこ
下る|くだる
ウール|うーる
コーラ|こーら
トイレットペーパー|といれっとぺーぱー
乗り換え|のりかえ
灰皿|はいざら
ハム|はむ
床|ゆか
ローマ字|ろーまじ
いちご|いちご
カレーライス|かれーらいす
キャッシュカード|きゃっしゅかーど
停留所|ていりゅうじょ
床屋|とこや
歯磨き|はみがき
夕飯|ゆうはん
酔っ払い|よっぱらい
例|れい
お辞儀|おじぎ
横断歩道|おうだんほどう
ぐらぐら|ぐらぐら
航空便|こうくうびん
ジャム|じゃむ
スリッパ|すりっぱ
畳む|たたむ
トランプ|とらんぷ
日陰|ひかげ
文房具|ぶんぼうぐ
免許証|めんきょしょう
訳す|やくす
よろしい|よろしい
両替|りょうがえ
片づく|かたづく
カップ|かっぷ
消しゴム|けしごむ
スケート|すけーと
鍋|なべ
寝坊|ねぼう
鋏|はさみ
真っ青|まっさお
汚す|よごす
忘れ物|わすれもの
掛け算|かけざん
臭い|くさい
突き当たり|つきあたり
マフラー|まふらー
桃|もも
アクセサリー|あくせさりー
あくび|あくび
あめ|あめ
上り|のぼり
なるべく|なるべく
じっと|じっと
食器|しょっき
延ばす|のばす
薬局|やっきょく
雄|おす
雌|めす
和風|わふう
いびき|いびき
ピクニック|ぴくにっく
地域|ちいき
勘違い|かんちがい
重要|じゅうよう
主人|しゅじん
お宅|おたく
ハイキング|はいきんぐ
畑|はたけ
ボーイフレンド|ぼーいふれんど
イヤリング|いやりんぐ
ガールフレンド|がーるふれんど
柔らか|やわらか
納豆|なっとう
別に|べつに
どうしても|どうしても
父親|ちちおや
誘う|さそう
母親|ははおや
昼前|ひるまえ
ふらふら|ふらふら
こぼす|こぼす
持ってくる|もってくる
振り向く|ふりむく
洗面所|せんめんじょ
外側|そとがわ
段々|だんだん
包む|つつむ
無くなる|なくなる
豚|ぶた
褒める|ほめる
沸かす|わかす
暖める|あたためる
換える|かえる
安っぽい|やすっぽい
ぎらぎら|ぎらぎら
何とか|なんとか
いよいよ|いよいよ
がらがら|がらがら
缶詰|かんづめ
怪我|けが
寒さ|さむさ
祝日|しゅくじつ
すき焼き|すきやき
葉書|はがき
掃く|はく
何しろ|なにしろ
どんどん|どんどん
ぺこぺこ|ぺこぺこ
ぺらぺら|ぺらぺら
レインコート|れいんこーと
アイス|あいす
塩辛い|しおからい
セロテープ|せろてーぷ
大幅|おおはば
教育|きょういく
工事|こうじ
担当|たんとう
法律|ほうりつ
丸|まる
発表|はっぴょう
研究|けんきゅう
一方|いっぽう
国内|こくない
全体|ぜんたい
後|のち
人間|にんげん
刺身|さしみ
ばら|ばら
ねずみ|ねずみ
以下|いか
昔|むかし
訳|わけ
違い|ちがい
しっかり|しっかり
将来|しょうらい
不思議|ふしぎ
決して|けっして
失敗|しっぱい
番|ばん
出会う|であう
悩む|なやむ
汗|あせ
すっかり|すっかり
代わり|かわり
一言|ひとこと
豊か|ゆたか
接続|せつぞく
抱える|かかえる
エンジン|えんじん
少女|しょうじょ
無駄|むだ
自動|じどう
先輩|せんぱい
眺める|ながめる
書類|しょるい
年月|ねんげつ
燃やす|もやす
線路|せんろ
水着|みずぎ
可愛らしい|かわいらしい
仲良し|なかよし
梅干し|うめぼし
ドレス|どれす
尽くす|つくす
地球|ちきゅう
不親切|ふしんせつ
からから|からから
本箱|ほんばこ
横書き|よこがき
そば屋|そばや
加工|かこう
実験|じっけん
愛する|あいする
あんまり|あんまり
いきなり|いきなり
表|おもて
汚れ|よごれ
間|あいだ
紫|むらさき
灰色|はいいろ
血|ち
顎|あご
始めに|はじめに
暖まる|あたたまる
お世辞|おせじ
袋|ふくろ
長袖|ながそで
半袖|はんそで
形|かたち
景色|けしき
ざあざあ|ざあざあ
再来月|さらいげつ
泊める|とめる
叱る|しかる
騒ぐ|さわぐ
車道|しゃどう
掃除機|そうじき
剃る|そる
貼る|はる
台|だい
主に|おもに
倒す|たおす
星|ほし
長女|ちょうじょ
爪|つめ
缶|かん
とんとん|とんとん
袖|そで
濡れる|ぬれる
パーセント|ぱーせんと
上がる|あがる
拍手|はくしゅ
弾く|ひく
ひも|ひも
昼過ぎ|ひるすぎ
船|ふね
まく|まく
姪|めい
個人|こじん
歌手|かしゅ
社員|しゃいん
不動産屋|ふどうさんや
最大|さいだい
動き|うごき
事件|じけん
過去|かこ
協力|きょうりょく
時期|じき
経つ|たつ
雷|かみなり
責任|せきにん
願う|ねがう
発見|はっけん
気|き
美容院|びよういん
状況|じょうきょう
目的|もくてき
企業|きぎょう
釣り|つり
漫画|まんが
温泉|おんせん
トレーニング|とれーにんぐ
噂|うわさ
本物|ほんもの
アイデア|あいであ
地下|ちか
マーケット|まーけっと
スケジュール|すけじゅーる
出張|しゅっちょう
コック|こっく
正午|しょうご
ブラシ|ぶらし
書き取る|かきとる
歓迎|かんげい
開発|かいはつ
郵便屋さん|ゆうびんやさん
会長|かいちょう
金|きん
灰|はい
骨|ほね
風呂屋|ふろや
細か|こまか
行き|ゆき
人々|ひとびと
寺|てら
鶏|にわとり
港|みなと
移る|うつる
異なる|ことなる
提供|ていきょう
市民|しみん
患者|かんじゃ
元旦|がんたん
柔らかい|やわらかい
似合う|にあう
確かめる|たしかめる
背中|せなか
肌|はだ
順番|じゅんばん
まとも|まとも
ぴったり|ぴったり
思わず|おもわず
より|より
もったいない|もったいない
情報|じょうほう
諦める|あきらめる
懐かしい|なつかしい
怪しい|あやしい
示す|しめす
たっぷり|たっぷり
早速|さっそく
偶然|ぐうぜん
続き|つづき
合計|ごうけい
傷|きず
面倒|めんどう
具合|ぐあい
中止|ちゅうし
手続き|てつづき
結果|けっか
建設|けんせつ
販売|はんばい
機能|きのう
頃|ころ
日中|にっちゅう
今後|こんご
影響|えいきょう
分野|ぶんや
関する|かんする
状態|じょうたい
価格|かかく
姿|すがた
期待|きたい
除く|のぞく
一般|いっぱん
表現|ひょうげん
完成|かんせい
変化|へんか
参加|さんか
土地|とち
検討|けんとう
開始|かいし
備える|そなえる
内容|ないよう
与える|あたえる
広がる|ひろがる
事実|じじつ
決定|けってい
住宅|じゅうたく
代表|だいひょう
命令|めいれい
立場|たちば
なお|なお
計算|けいさん
可能|かのう
報告|ほうこく
都市|とし
政治|せいじ
競争|きょうそう
原因|げんいん
活動|かつどう
歴史|れきし
表|ひょう
サイト|さいと
土産|みやげ
臭い|におい
現金|げんきん
虫|むし
寄る|よる
田舎|いなか
帰宅|きたく
重大|じゅうだい
マイナス|まいなす
稼ぐ|かせぐ
左右|さゆう
痛み|いたみ
誤解|ごかい
文句|もんく
欧米|おうべい
面接|めんせつ
サイン|さいん
年中|ねんじゅう
機嫌|きげん
居間|いま
度々|たびたび
例文|れいぶん
怠ける|なまける
転勤|てんきん
政府|せいふ
所有|しょゆう
いずれ|いずれ
対する|たいする
教会|きょうかい
